Source,Target,Weight
harrystyles,harrystylesono,99
harrystyles,onenightonly,72
harrystyles,onotickets,71
harrystyles,asitwas,217
harrystyles,todayshow,6
harrystyles,nyc,7
harrystyles,hshq,11
harrystyles,loveontour2022,63
harrystyles,onoharrystyles,23
harrystyles,regístrategratis,3
harrystyles,youarehome,47
harrystyles,harrychella,20
harrystyles,harrystylesconcert,12
harrystyles,harrystylesloveontour2022,12
harrystyles,ono,54
harrystyles,listeningparty,13
harrystyles,harry,32
harrystyles,harrystylestickets,55
harrystyles,onenightonlytickets,2
harrystyles,harrytickets,3
harrystyles,cryptocurrency,2
harrystyles,ltwtsantiago,2
harrystyles,fineline,32
harrystyles,loveontour,65
harrystyles,hslot,42
harrystyles,coachella,5
harrystyles,onolondon,14
harrystyles,mypoliceman,3
harrystyles,freeharry,8
harrystyles,chooselove,2
harrystyles,ny,7
harrystyles,harries,26
harrystyles,harrystylesonenightonly,7
harrystyles,tickets,14
harrystyles,freebritney,2
harrystyles,scammer,3
harrystyles,ubs,6
harrystyles,longisland,5
harrystyles,may20,8
harrystyles,lot,7
harrystyles,biglietti,2
harrystyles,aiw,14
harrystyles,matilda,6
harrystyles,harrystylestoday,3
harrystyles,louistomlinson,28
harrystyles,harryshouseph,13
harrystyles,hs3,55
harrystyles,harrystylesfanart,2
harrystyles,fanart,3
harrystyles,ハリースタイルズ,2
harrystyles,harrystylesloveontour,43
harrystyles,la,2
harrystyles,newyork,9
harrystyles,milano,2
harrystyles,applemusiclive,4
harrystyles,heartstopper,4
harrystyles,zarry,3
harrystyles,ltwt,2
harrystyles,spotify,4
harrystyles,harrystylesmanchester,2
harrystyles,harryono,11
harrystyles,vendobiglietti,17
harrystyles,larrystylinson,16
harrystyles,larry,6
harrystyles,vinyl,7
harrystyles,loveontourkrakow,8
harrystyles,harrystylesloveontourkrakow,5
harrystyles,golden,7
harrystyles,ubsarena,14
harrystyles,billieeilish,2
harrystyles,onedirection,29
harrystyles,1d,6
harrystyles,zanelowe,35
harrystyles,applemusic,5
harrystyles,loml,2
harrystyles,wembley,17
harrystyles,harryshouseono,3
harrystyles,taylorswift,8
harrystyles,taylorsversion,3
harrystyles,music,13
harrystyles,louistomlinsonworldtour2022,8
harrystyles,cercobiglietti,14
harrystyles,comprobiglietti,2
harrystyles,london,12
harrystyles,harrystylespit,2
harrystyles,harrystylesuk,3
harrystyles,harrystylesavecnrj,9
harrystyles,boyfriends,4
harrystyles,loveofmylife,4
harrystyles,lgbt,2
harrystyles,art,2
harrystyles,eurovision,6
harrystyles,myhouse,3
harrystyles,liampayne,4
harrystyles,eurovision2022,2
harrystyles,vendobiglietto,3
harrystyles,revendalisboaloveontour,2
harrystyles,trending,3
harrystyles,ineedthis,2
harrystyles,love,4
harrystyles,onenightonlylondon,5
harrystyles,bts,2
harrystyles,help,2
harrystyles,hslot2022,3
harrystyles,onony,2
harrystyles,harrys,3
harrystyles,tiktok,5
harrystyles,daydreaming,3
harrystyles,harrie,4
harrystyles,niallhoran,4
harrystyles,zaynmalik,3
harrystyles,rumor,2
harrystyles,musica,4
harrystyles,tpwk,11
harrystyles,concert,5
harrystyles,harrystylespics,3
harrystyles,fine,2
harrystyles,paypal,2
harrystyles,scam,2
harrystyles,scammers,2
harrystyles,amazon,2
harrystyles,newmusic,3
harrystyles,igot7,2
harrystyles,etsy,2
harrystyles,zayn,2
harrystyles,zarrystylik,2
harrystyles,twitter,2
harrystyles,hs1,16
harrystyles,watermelonsugar,4
harrystyles,album,3
harrystyles,styles,5
harrystyles,harryedwardstyles,2
harrystyles,giantssony,4
harrystyles,preorder,3
harrystyles,newalbum,3
harrystyles,amsterdam,3
harrystyles,berlin,2
harrystyles,lightsup,3
harrystyles,signofthetimes,2
harrystyles,newmusic2022,3
harrystyles,oliviawilde,3
harrystyles,holivia,2
harrystyles,coachella2022,4
harrystyles,5sos5,2
harrystyles,popmusic,3
harrystyles,heartstoppernetflix,2
harrystyles,harryhouselive,4
harrystyles,italy,2
harrystyles,as,2
harrystyles,moots,2
harrystyles,manchester,3
harrystyles,iheartradio,3
harrystyles,loveislove,2
harrystyles,ticketmaster,11
harrystyles,esc2022,3
harrystyles,uk,3
harrystyles,eurovisionrtve,2
harrystyles,wembleystadium,3
harrystyles,cercobiglietto,2
harrystyles,harryshousenights,3
harrystyles,hsiq,27
harrystyles,soldout,3
harrystyles,falling,4
harrystyles,1989taylorsversion,3
harrystyles,swifties,3
harrystyles,harriers,2
harrystyles,sellingtickets,2
harrystyles,pleasing,2
harrystyles,behindthescenes,2
harrystyles,hamburg,3
harrystyles,brixton,3
harrystyles,harrystylesmemes,2
harrystyles,ticketscammer,2
harrystyles,louies,2
harrystyles,hs2,3
harrystyles,adoreyou,3
harrystyles,cherry,3
harrystyles,tobesolonely,2
harrystyles,she,2
harrystyles,sunflower,3
harrystyles,5yearsofhs1,5
harrystyles,larryisreal,3
harrystyles,harrystylesupdates,2
harrystyles,claromúsica,2
harrystyles,debut,2
harrystyles,pop,3
harrystyles,discoball,4
harrystyles,sellingonotickets,3
harrystyles,loveontourla,2
harrystyles,harryshousesleepover,2
harrystyles,thislovetaylorversion,2
harrystyles,hsono,2
harrystyles,harrystylesedit,2
harrystyles,londonono,2
harrystylesono,onenightonly,40
harrystylesono,onotickets,28
harrystylesono,asitwas,15
harrystylesono,nyc,2
harrystylesono,loveontour2022,2
harrystylesono,onoharrystyles,6
harrystylesono,harrychella,5
harrystylesono,harrystylesconcert,5
harrystylesono,harrystylesloveontour2022,3
harrystylesono,ono,26
harrystylesono,harry,5
harrystylesono,harrystylestickets,32
harrystylesono,harrytickets,2
harrystylesono,fineline,2
harrystylesono,loveontour,3
harrystylesono,hslot,5
harrystylesono,onolondon,10
harrystylesono,ny,7
harrystylesono,harries,8
harrystylesono,harrystylesonenightonly,6
harrystylesono,tickets,5
harrystylesono,scammer,2
harrystylesono,ubs,4
harrystylesono,longisland,4
harrystylesono,may20,2
harrystylesono,harryshouseph,2
harrystylesono,hs3,2
harrystylesono,harrystylesloveontour,8
harrystylesono,newyork,5
harrystylesono,harryono,6
harrystylesono,ubsarena,7
harrystylesono,onedirection,3
harrystylesono,wembley,2
harrystylesono,london,8
harrystylesono,harrystylespit,2
harrystylesono,harrystylesuk,3
harrystylesono,onenightonlylondon,4
harrystylesono,onony,2
harrystylesono,harrys,2
harrystylesono,concert,2
harrystylesono,paypal,2
harrystylesono,ticketmaster,11
harrystylesono,hsiq,2
harrystylesono,brixton,4
harrystylesono,sellingonotickets,2
harrystylesono,londonono,2
onenightonly,onotickets,24
onenightonly,asitwas,8
onenightonly,todayshow,2
onenightonly,nyc,2
onenightonly,loveontour2022,2
onenightonly,onoharrystyles,7
onenightonly,harrystylesconcert,2
onenightonly,ono,24
onenightonly,harry,5
onenightonly,harrystylestickets,14
onenightonly,onenightonlytickets,2
onenightonly,harrytickets,2
onenightonly,loveontour,4
onenightonly,hslot,2
onenightonly,onolondon,2
onenightonly,ny,6
onenightonly,harries,6
onenightonly,harrystylesonenightonly,6
onenightonly,tickets,8
onenightonly,ubs,5
onenightonly,longisland,3
onenightonly,may20,3
onenightonly,louistomlinson,2
onenightonly,hs3,3
onenightonly,harrystylesloveontour,2
onenightonly,newyork,4
onenightonly,harryono,2
onenightonly,larrystylinson,2
onenightonly,ubsarena,4
onenightonly,onedirection,2
onenightonly,london,3
onenightonly,onenightonlylondon,5
onenightonly,ticketmaster,2
onenightonly,sellingtickets,2
onotickets,asitwas,9
onotickets,loveontour2022,4
onotickets,onoharrystyles,18
onotickets,harrystylesconcert,5
onotickets,onoroff,2
onotickets,ono,28
onotickets,harry,8
onotickets,harrystylestickets,16
onotickets,harrytickets,2
onotickets,loveontour,3
onotickets,hslot,4
onotickets,onolondon,10
onotickets,harries,4
onotickets,harrystylesonenightonly,2
onotickets,tickets,4
onotickets,scammer,2
onotickets,ubs,3
onotickets,may20,2
onotickets,hs3,4
onotickets,newyork,4
onotickets,ubsarena,9
onotickets,onedirection,2
onotickets,onony,2
onotickets,harrys,2
onotickets,paypal,2
onotickets,ticketmaster,2
onotickets,brixton,2
onotickets,sellingonotickets,2
onotickets,hsono,2
asitwas,nyc,2
asitwas,hshq,5
asitwas,loveontour2022,10
asitwas,youarehome,23
asitwas,harrychella,6
asitwas,harrystylesconcert,3
asitwas,harrystylesloveontour2022,2
asitwas,ono,10
asitwas,harry,12
asitwas,harrystylestickets,8
asitwas,fineline,11
asitwas,loveontour,16
asitwas,hslot,7
asitwas,coachella,3
asitwas,mypoliceman,3
asitwas,freeharry,3
asitwas,harries,11
asitwas,tickets,3
asitwas,may20,2
asitwas,lot,2
asitwas,aiw,12
asitwas,harrystylestoday,2
asitwas,louistomlinson,10
asitwas,harryshouseph,4
asitwas,hs3,21
asitwas,harrystylesloveontour,3
asitwas,newyork,2
asitwas,ltwt,2
asitwas,spotify,2
asitwas,vendobiglietti,5
asitwas,larrystylinson,7
asitwas,golden,3
asitwas,ubsarena,2
asitwas,onedirection,12
asitwas,zanelowe,8
asitwas,wembley,2
asitwas,taylorswift,2
asitwas,taylorsversion,2
asitwas,music,9
asitwas,louistomlinsonworldtour2022,3
asitwas,cercobiglietti,4
asitwas,liampayne,2
asitwas,trending,2
asitwas,love,2
asitwas,harrys,2
asitwas,tiktok,3
asitwas,niallhoran,2
asitwas,multiverseofmadness,2
asitwas,harrystylespics,3
asitwas,igot7,2
asitwas,hs1,5
asitwas,styles,3
asitwas,harryedwardstyles,2
asitwas,signofthetimes,2
asitwas,coachella2022,2
asitwas,popmusic,2
asitwas,buckybarnes,3
asitwas,mybtstracks,2
asitwas,doctorstrange,3
asitwas,sundayvibes,2
asitwas,iheartradio,2
asitwas,mostrequestedlive,2
asitwas,hsiq,10
asitwas,behindthescenes,4
asitwas,5yearsofhs1,5
asitwas,pop,2
asitwas,harrystylesedit,2
nyc,ono,4
nyc,loveontour,2
nyc,tickets,2
nyc,ubs,3
nyc,may20,2
nyc,london,2
hshq,youarehome,2
hshq,ono,2
hshq,harry,4
hshq,fineline,4
hshq,harries,2
hshq,hs3,2
hshq,zanelowe,2
hshq,hs1,3
hshq,hsiq,4
loveontour2022,onoharrystyles,4
loveontour2022,youarehome,2
loveontour2022,ono,3
loveontour2022,harry,3
loveontour2022,harrystylestickets,6
loveontour2022,fineline,2
loveontour2022,loveontour,13
loveontour2022,hslot,12
loveontour2022,onolondon,2
loveontour2022,lot,4
loveontour2022,louistomlinson,2
loveontour2022,harrystylesloveontour,8
loveontour2022,vendobiglietti,6
loveontour2022,loveontourkrakow,5
loveontour2022,wembley,4
loveontour2022,cercobiglietti,6
loveontour2022,comprobiglietti,2
loveontour2022,harrystylesavecnrj,3
loveontour2022,hslot2022,2
loveontour2022,hs1,2
loveontour2022,wembleystadium,2
onoharrystyles,ono,9
onoharrystyles,harry,2
onoharrystyles,harrystylestickets,5
onoharrystyles,onolondon,4
onoharrystyles,harries,3
onoharrystyles,tickets,2
onoharrystyles,scammer,2
onoharrystyles,newyork,2
onoharrystyles,ubsarena,3
onoharrystyles,paypal,2
onoharrystyles,hsiq,2
youarehome,fineline,4
youarehome,mypoliceman,2
youarehome,aiw,3
youarehome,louistomlinson,3
youarehome,hs3,9
youarehome,spotify,2
youarehome,larrystylinson,2
youarehome,onedirection,3
youarehome,zanelowe,5
youarehome,music,2
youarehome,harrystylesavecnrj,3
youarehome,myhouse,2
youarehome,concert,2
youarehome,hs1,3
youarehome,hsiq,9
youarehome,5yearsofhs1,2
youarehome,discoball,2
harrychella,harrystylesconcert,2
harrychella,harrystylestickets,2
harrychella,onedirection,2
harrystylesconcert,harrystylesloveontour2022,2
harrystylesconcert,ono,3
harrystylesconcert,harrystylestickets,6
harrystylesconcert,harrystylesloveontour,2
harrystylesconcert,harryono,2
harrystylesconcert,onedirection,2
harrystylesloveontour2022,england,2
harrystylesloveontour2022,harry,2
harrystylesloveontour2022,loveontour,2
harrystylesloveontour2022,hslot,2
harrystylesloveontour2022,louistomlinson,2
harrystylesloveontour2022,harrystylesloveontour,3
harrystylesloveontour2022,wembley,2
harrystylesloveontour2022,louistomlinsonworldtour2022,2
harrystylesloveontour2022,concert,2
ono,harry,8
ono,harrystylestickets,13
ono,loveontour,2
ono,hslot,3
ono,onolondon,2
ono,ny,2
ono,harries,7
ono,harrystylesonenightonly,2
ono,tickets,6
ono,scammer,3
ono,ubs,4
ono,longisland,3
ono,may20,3
ono,newyork,4
ono,harryono,2
ono,ubsarena,9
ono,onedirection,2
ono,london,3
ono,harrys,2
ono,paypal,2
ono,ticketmaster,3
ono,hsiq,2
listeningparty,harries,2
listeningparty,hs3,2
listeningparty,zanelowe,2
harry,harrystylestickets,5
harry,fineline,5
harry,loveontour,2
harry,onolondon,2
harry,harries,4
harry,may20,3
harry,matilda,2
harry,louistomlinson,2
harry,hs3,2
harry,newyork,2
harry,golden,4
harry,ubsarena,2
harry,wembley,2
harry,tpwk,2
harry,hs1,4
harry,watermelonsugar,3
harry,styles,3
harry,newalbum,2
harry,lightsup,3
harry,falling,2
harry,hs2,2
harry,adoreyou,2
harry,cherry,3
harry,tobesolonely,2
harry,she,2
harry,sunflower,3
harrystylestickets,fineline,2
harrystylestickets,loveontour,4
harrystylestickets,hslot,3
harrystylestickets,onolondon,6
harrystylestickets,harries,4
harrystylestickets,harrystylesonenightonly,2
harrystylestickets,tickets,5
harrystylestickets,scammer,2
harrystylestickets,harrystylesloveontour,13
harrystylestickets,harryono,4
harrystylestickets,loveontourkrakow,2
harrystylestickets,harrystylesloveontourkrakow,2
harrystylestickets,ubsarena,6
harrystylestickets,onedirection,2
harrystylestickets,cercobiglietti,2
harrystylestickets,london,2
harrystylestickets,harrystylespit,2
harrystylestickets,harrystylesuk,2
harrystylestickets,revendalisboaloveontour,2
harrystylestickets,harrys,2
harrystylestickets,paypal,2
harrystylestickets,hs1,2
harrystylestickets,manchester,2
cryptocurrency,eurovision,2
cryptocurrency,trending,2
cryptocurrency,dreamchat,2
deppvsheard,movetoearn,2
deppvsheard,btc,2
deppvsheard,eurovision,3
deppvsheard,twitterexposed,2
gmt,johnnydepp,2
johnnydepp,fitnessgirl,2
johnnydepp,kpopflex,2
fineline,loveontour,4
fineline,hslot,3
fineline,may20,2
fineline,hs3,3
fineline,vinyl,2
fineline,loveontourkrakow,2
fineline,golden,4
fineline,onedirection,2
fineline,zanelowe,4
fineline,music,3
fineline,tpwk,2
fineline,concert,2
fineline,hs1,9
fineline,watermelonsugar,3
fineline,styles,2
fineline,newalbum,2
fineline,lightsup,3
fineline,hsiq,2
fineline,falling,2
fineline,hs2,3
fineline,adoreyou,2
fineline,cherry,3
fineline,tobesolonely,2
fineline,she,2
fineline,sunflower,3
fineline,5yearsofhs1,2
loveontour,hslot,14
loveontour,onolondon,2
loveontour,tickets,2
loveontour,lot,4
loveontour,harrystylesloveontour,7
loveontour,la,2
loveontour,harrystylesmanchester,2
loveontour,vendobiglietti,8
loveontour,loveontourkrakow,3
loveontour,harrystylesloveontourkrakow,2
loveontour,wembley,6
loveontour,cercobiglietti,4
loveontour,comprobiglietti,2
loveontour,revendalisboaloveontour,2
loveontour,ticketmaster,2
loveontour,loveontourla,2
hslot,tickets,2
hslot,lot,2
hslot,hs3,3
hslot,harrystylesloveontour,3
hslot,vendobiglietti,3
hslot,loveontourkrakow,2
hslot,wembley,8
hslot,hslot2022,3
hslot,hs1,2
hslot,ticketmaster,2
hslot,hsiq,2
coachella,coachella2022,3
onolondon,brixton,2
onolondon,hsono,2
freeharry,freebritney,2
freeharry,loveislove,2
ny,harries,5
ny,harrystylesonenightonly,5
ny,tickets,2
harries,harrystylesonenightonly,5
harries,scammer,2
harries,louistomlinson,2
harries,ubsarena,2
harries,zanelowe,2
harries,harrie,2
harries,paypal,2
harries,styles,2
harries,hsiq,2
harrystylesonenightonly,tickets,2
tickets,ubs,2
tickets,may20,3
tickets,harrystylesloveontour,3
tickets,ticketmaster,2
tickets,soldout,3
tickets,sellingtickets,2
scammer,ubsarena,2
scammer,paypal,2
ubs,may20,2
longisland,newyork,3
may20,golden,2
may20,hs1,2
may20,watermelonsugar,2
may20,styles,2
may20,newalbum,2
may20,lightsup,2
may20,falling,2
may20,hs2,2
may20,adoreyou,2
may20,cherry,2
may20,tobesolonely,2
may20,she,2
may20,sunflower,2
lot,hs3,2
lot,harrystylesloveontour,2
lot,wembley,2
aiw,louistomlinson,2
aiw,hs3,2
louistomlinson,hs3,2
louistomlinson,ltwt,2
louistomlinson,larrystylinson,10
louistomlinson,larry,6
louistomlinson,onedirection,8
louistomlinson,zanelowe,2
louistomlinson,louistomlinsonworldtour2022,8
louistomlinson,liampayne,6
louistomlinson,niallhoran,4
louistomlinson,zaynmalik,2
louistomlinson,louies,3
btc,eurovision,2
harryshouseph,hs3,2
harryshouseph,larrystylinson,2
hs3,harrystylesfanart,2
hs3,fanart,2
hs3,larrystylinson,3
hs3,onedirection,4
hs3,zanelowe,3
hs3,tpwk,2
hs3,hs1,3
hs3,album,2
hs3,hsiq,2
harrystylesfanart,fanart,2
harrystylesloveontour,harryono,4
harrystylesloveontour,vendobiglietti,6
harrystylesloveontour,loveontourkrakow,2
harrystylesloveontour,cercobiglietti,3
harrystylesloveontour,london,2
harrystylesloveontour,harrystylespit,2
harrystylesloveontour,harrystylesuk,3
harrystylesloveontour,manchester,2
harrystylesloveontour,ticketmaster,2
harrystylesloveontour,soldout,2
justiceforjohhnydepp,fitnessgirl,2
justiceforjohhnydepp,johnnydeppvamberheard,2
justiceforjohhnydepp,eurovision,2
heartstopper,eurovision,3
heartstopper,mybtstracks,2
heartstopper,esc2022,2
zarry,onedirection,2
zarry,zarrystylik,2
spotify,music,3
spotify,soundcloud,2
spotify,newpodcast,2
spotify,buffalo,2
spotify,tucker,2
spotify,replacementtheory,2
spotify,selfawareness,2
spotify,thefuture,2
spotify,turkeyneck,2
spotify,baddate,2
spotify,comedy,2
spotify,15orless,2
spotify,apple,3
spotify,etc,2
harryono,london,2
harryono,harrystylespit,2
harryono,harrystylesuk,2
vendobiglietti,louistomlinsonworldtour2022,2
vendobiglietti,cercobiglietti,12
vendobiglietti,comprobiglietti,2
larrystylinson,larry,6
larrystylinson,onedirection,7
larrystylinson,zanelowe,2
larrystylinson,louistomlinsonworldtour2022,2
loveontourkrakow,harrystylesloveontourkrakow,3
loveontourkrakow,hs1,2
golden,hs1,2
golden,watermelonsugar,4
golden,styles,3
golden,newalbum,2
golden,lightsup,3
golden,falling,3
golden,hs2,2
golden,adoreyou,3
golden,cherry,3
golden,tobesolonely,2
golden,she,2
golden,sunflower,3
ubsarena,paypal,2
billieeilish,hillie,2
onedirection,1d,4
onedirection,louistomlinsonworldtour2022,4
onedirection,liampayne,3
onedirection,shawnmendes,2
onedirection,niallhoran,3
onedirection,zaynmalik,2
onedirection,zayn,2
onedirection,zarrystylik,2
onedirection,zaddy,2
zanelowe,applemusic,4
zanelowe,louistomlinsonworldtour2022,2
zanelowe,hs1,2
zanelowe,hsiq,2
goimp,voltajj,4
goimp,misternoflamemgo,4
voltajj,misternoflamemgo,4
taylorswift,taylorsversion,4
taylorswift,louistomlinsonworldtour2022,2
taylorswift,1989taylorsversion,4
taylorswift,swifties,4
taylorswift,taylornation,2
music,popmusic,3
louistomlinsonworldtour2022,eurovision,2
cercobiglietti,comprobiglietti,2
london,harrystylespit,2
london,harrystylesuk,2
harrystylespit,harrystylesuk,2
harrystylesavecnrj,concours,2
harrystylesavecnrj,fav,23
harrystylesavecnrj,rt,2
famemma14,tweetme,2
amici21,eurovision,2
stockmarketcrash,cryptocrash,2
stockmarketcrash,eurovision,2
cryptocrash,eurovision,2
cryptocrash,biblia,2
cryptocrash,jesus,2
cryptocrash,ricardoclaurepeñaloza,2
cryptocrash,sinfoniascelestiales,2
cryptocrash,profecias,2
cryptocrash,34añosdehistoria,2
cryptocrash,salvarelalmahastadelultimohombre,2
cryptocrash,oneus,2
art,nftcommunity,2
eurovision,bbmas,5
eurovision,quote,2
eurovision,theboys,2
eurovision,pglmajor,2
eurovision,seventeen,2
eurovision,flames,2
eurovision,xbox,2
eurovision,eurovision2022,4
eurovision,trending,3
eurovision,ikon,2
eurovision,billboardmusicawards,2
eurovision,bts,2
eurovision,bitcoin,2
eurovision,abc730,2
eurovision,buffalo,2
eurovision,bridgerton,2
eurovision,multiverseofmadness,2
eurovision,anjaliarora,2
eurovision,mybtstracks,3
eurovision,emiratesfacup,2
eurovision,eurovisiongr,2
eurovision,esc2022,3
eurovision,dreamchat,2
eurovision,eurovisionrtve,2
nsfwtwt,seventeen,2
bbmas,theboys,2
bbmas,pglmajor,2
bbmas,flames,2
bbmas,xbox,2
bbmas,bitcoin,2
bbmas,bridgerton,2
theboys,xbox,2
concours,fav,2
concours,rt,2
liampayne,niallhoran,4
liampayne,zaynmalik,2
eurovision2022,trending,2
eurovision2022,emiratesfacup,2
eurovision2022,eurovisiongr,2
vendobiglietto,cercobiglietto,2
trending,eurovisiongr,2
trending,uk,2
zonauang,xrp,2
furry,candysugarpop,2
bitcoin,femboy,2
fundraising,help,2
soundcloud,newpodcast,2
soundcloud,buffalo,2
soundcloud,tucker,2
soundcloud,replacementtheory,2
soundcloud,selfawareness,2
soundcloud,thefuture,2
soundcloud,turkeyneck,2
soundcloud,baddate,2
soundcloud,comedy,2
soundcloud,15orless,2
soundcloud,apple,2
soundcloud,etc,2
newpodcast,buffalo,2
newpodcast,tucker,2
newpodcast,replacementtheory,2
newpodcast,selfawareness,2
newpodcast,thefuture,2
newpodcast,turkeyneck,2
newpodcast,baddate,2
newpodcast,comedy,2
newpodcast,15orless,2
newpodcast,apple,2
newpodcast,etc,2
buffalo,tucker,2
buffalo,replacementtheory,2
buffalo,selfawareness,2
buffalo,thefuture,2
buffalo,turkeyneck,2
buffalo,baddate,2
buffalo,comedy,2
buffalo,15orless,2
buffalo,apple,2
buffalo,etc,2
tucker,replacementtheory,2
tucker,selfawareness,2
tucker,thefuture,2
tucker,turkeyneck,2
tucker,baddate,2
tucker,comedy,2
tucker,15orless,2
tucker,apple,2
tucker,etc,2
replacementtheory,selfawareness,2
replacementtheory,thefuture,2
replacementtheory,turkeyneck,2
replacementtheory,baddate,2
replacementtheory,comedy,2
replacementtheory,15orless,2
replacementtheory,apple,2
replacementtheory,etc,2
selfawareness,thefuture,2
selfawareness,turkeyneck,2
selfawareness,baddate,2
selfawareness,comedy,2
selfawareness,15orless,2
selfawareness,apple,2
selfawareness,etc,2
thefuture,turkeyneck,2
thefuture,baddate,2
thefuture,comedy,2
thefuture,15orless,2
thefuture,apple,2
thefuture,etc,2
turkeyneck,baddate,2
turkeyneck,comedy,2
turkeyneck,15orless,2
turkeyneck,apple,2
turkeyneck,etc,2
baddate,comedy,2
baddate,15orless,2
baddate,apple,2
baddate,etc,2
comedy,15orless,2
comedy,apple,2
comedy,etc,2
15orless,apple,2
15orless,etc,2
apple,etc,2
fav,rt,2
shawnmendes,fyp,2
niallhoran,zaynmalik,2
tpwk,loveislove,2
multiverseofmadness,buckybarnes,2
multiverseofmadness,mybtstracks,3
multiverseofmadness,doctorstrange,2
concert,hs1,2
harrystylespics,harrystylesedit,2
scam,scammers,2
hs1,watermelonsugar,2
hs1,styles,3
hs1,newalbum,2
hs1,lightsup,2
hs1,falling,2
hs1,hs2,3
hs1,adoreyou,2
hs1,cherry,2
hs1,tobesolonely,2
hs1,she,2
hs1,sunflower,2
watermelonsugar,styles,2
watermelonsugar,newalbum,2
watermelonsugar,lightsup,2
watermelonsugar,falling,3
watermelonsugar,hs2,2
watermelonsugar,adoreyou,3
watermelonsugar,cherry,3
watermelonsugar,tobesolonely,2
watermelonsugar,she,2
watermelonsugar,sunflower,3
styles,newalbum,2
styles,lightsup,2
styles,falling,2
styles,hs2,2
styles,adoreyou,2
styles,cherry,2
styles,tobesolonely,2
styles,she,2
styles,sunflower,2
newalbum,lightsup,2
newalbum,falling,2
newalbum,hs2,2
newalbum,adoreyou,2
newalbum,cherry,2
newalbum,tobesolonely,2
newalbum,she,2
newalbum,sunflower,2
matury2022,tweetme,2
lightsup,falling,2
lightsup,hs2,2
lightsup,adoreyou,2
lightsup,cherry,2
lightsup,tobesolonely,2
lightsup,she,2
lightsup,sunflower,2
oliviawilde,holivia,2
5sos5,5sos,2
siguemeytesigo,buenmiercoles,2
siguemeytesigo,miercolesdeganarseguidores,2
siguemeytesigo,tenesunairephilco,2
buckybarnes,mybtstracks,2
buckybarnes,doctorstrange,3
buckybarnes,sundayvibes,2
mybtstracks,doctorstrange,2
doctorstrange,sundayvibes,2
ticketmaster,sellingtickets,2
falling,hs2,2
falling,adoreyou,3
falling,cherry,2
falling,tobesolonely,2
falling,she,2
falling,sunflower,2
1989taylorsversion,swifties,3
swifties,taylornation,2
hs2,adoreyou,2
hs2,cherry,2
hs2,tobesolonely,2
hs2,she,2
hs2,sunflower,2
adoreyou,cherry,2
adoreyou,tobesolonely,2
adoreyou,she,2
adoreyou,sunflower,2
cherry,tobesolonely,2
cherry,she,2
cherry,sunflower,3
tobesolonely,she,2
tobesolonely,sunflower,2
she,sunflower,2
claromúsica,debut,2
biblia,jesus,2
biblia,ricardoclaurepeñaloza,2
biblia,sinfoniascelestiales,2
biblia,profecias,2
biblia,34añosdehistoria,2
biblia,salvarelalmahastadelultimohombre,2
biblia,oneus,2
jesus,ricardoclaurepeñaloza,2
jesus,sinfoniascelestiales,2
jesus,profecias,2
jesus,34añosdehistoria,2
jesus,salvarelalmahastadelultimohombre,2
jesus,oneus,2
ricardoclaurepeñaloza,sinfoniascelestiales,2
ricardoclaurepeñaloza,profecias,2
ricardoclaurepeñaloza,34añosdehistoria,2
ricardoclaurepeñaloza,salvarelalmahastadelultimohombre,2
ricardoclaurepeñaloza,oneus,2
sinfoniascelestiales,profecias,2
sinfoniascelestiales,34añosdehistoria,2
sinfoniascelestiales,salvarelalmahastadelultimohombre,2
sinfoniascelestiales,oneus,2
profecias,34añosdehistoria,2
profecias,salvarelalmahastadelultimohombre,2
profecias,oneus,2
34añosdehistoria,salvarelalmahastadelultimohombre,2
34añosdehistoria,oneus,2
salvarelalmahastadelultimohombre,oneus,2
buenmiercoles,miercolesdeganarseguidores,2
buenmiercoles,tenesunairephilco,2
miercolesdeganarseguidores,tenesunairephilco,2
